isoTimestamp,accelX_mean,accelX_var,accelX_max,accelX_min,accelY_mean,accelY_var,accelY_max,accelY_min,accelZ_mean,accelZ_var,accelZ_max,accelZ_min,rateX_mean,rateX_var,rateX_max,rateX_min,rateY_mean,rateY_var,rateY_max,rateY_min,rateZ_mean,rateZ_var,rateZ_max,rateZ_min,timestamp_mean,timestamp_var,timestamp_max,timestamp_min,impact
2025-02-28 23:24:00+00:00,1.1825503,0.07672048,1.8,0.4,-0.7436242,0.062205687,-0.2,-1.6,-1.4966443,0.077083275,-0.8,-2.2,-29.0047,1197.9977,21.0,-99.3,-1.2496644,634.6619,48.6,-73.9,8.520805,663.12885,72.5,-29.3,1740785040.7493155,0.1888946791571319,1740785041.494,1740785040.004,1
2025-02-28 23:24:01.500000+00:00,1.1785235,0.07737351,1.8,0.6,-0.8362416,0.060029037,-0.2,-1.6,-1.4671141,0.08087066,-0.8,-2.2,-48.01745,8722.638,110.5,-209.8,1.1194631,1082.3231,132.2,-38.1,28.68792,2141.4255,113.2,-70.3,1740785042.2498927,0.18887666379545426,1740785042.995,1740785041.505,0
2025-02-28 23:24:03+00:00,1.1409396,0.06675857,1.8,0.6,-0.70201343,0.07655003,0.0,-1.2,-1.5530201,0.08453474,-0.6,-2.4,81.226845,4419.7324,179.3,-44.2,-3.880537,979.8675,93.0,-57.8,-38.402683,838.07404,19.0,-76.6,1740785043.7504497,0.18889591483753373,1740785044.496,1740785043.005,0
2025-02-28 23:24:04.500000+00:00,1.2330935,0.09078095,2.4,0.4,-0.8676259,0.06756751,-0.2,-1.6,-1.352518,0.100048,-0.6,-2.2,-36.76259,790.4932,16.6,-99.1,13.5604315,202.69615,40.3,-12.7,14.076259,173.41469,45.6,-7.3,1740785045.200633,0.1644751260094437,1740785045.896,1740785044.506,0
2025-02-28 23:24:06+00:00,1.1852349,0.043294024,1.8,0.6,-0.86040264,0.0938944,0.0,-1.8,-1.1624161,0.09263197,-0.4,-1.8,3.873825,1909.7031,52.2,-88.3,8.044966,126.15737,31.5,-16.8,-0.38926175,260.29608,28.8,-25.6,1740785046.7490807,0.1889153200673473,1740785047.494,1740785046.004,0
2025-02-28 23:24:07.500000+00:00,1.2013422,0.06513328,2.2,0.6,-0.7516779,0.092243806,0.0,-1.8,-1.4080538,0.10696176,-0.6,-2.4,13.3778515,17935.648,180.3,-300.1,-17.091276,632.03394,26.6,-72.2,9.315436,2556.267,129.8,-40.3,1740785048.2496173,0.18890105409353375,1740785048.995,1740785047.504,0
2025-02-28 23:24:09+00:00,1.1516778,0.10089246,2.0,0.0,-0.83489937,0.0814765,0.0,-1.6,-1.5275168,0.06714313,-1.0,-2.4,-18.686577,1359.3883,47.3,-166.9,0.69798654,310.9528,61.2,-32.2,7.4275165,524.5122,75.9,-40.7,1740785049.7501678,0.18888479154151935,1740785050.496,1740785049.005,0
2025-02-28 23:24:10.500000+00:00,1.2,0.072432436,2.0,0.4,-0.79328865,0.07806281,-0.2,-1.4,-1.5073826,0.0727154,-0.8,-2.4,82.80268,2991.918,185.7,10.7,-17.34094,437.60284,32.9,-59.8,-28.773155,819.6101,18.8,-91.0,1740785051.2507381,0.18889832295798945,1740785051.996,1740785050.506,0
2025-02-28 23:24:12+00:00,1.2161074,0.07163069,2.0,0.6,-0.9261745,0.054242715,-0.4,-1.6,-1.3261745,0.07910755,-0.6,-2.0,13.301342,1824.3629,83.2,-57.6,7.4167786,376.00266,62.7,-48.8,-6.8382554,142.15007,15.9,-29.0,1740785052.7512484,0.18890076778357615,1740785053.496,1740785052.006,0
2025-02-28 23:24:13.500000+00:00,1.2297298,0.10196728,2.2,0.6,-0.8567568,0.07240301,0.0,-1.4,-1.172973,0.07872036,-0.6,-2.0,3.108108,1687.47,78.3,-57.3,-8.242568,755.8916,50.3,-81.5,-0.7898649,244.02168,38.6,-34.4,1740785054.2535203,0.18973449536131895,1740785054.997,1740785053.506,0
2025-02-28 23:24:15+00:00,1.1892617,0.09123522,1.8,0.4,-0.8536913,0.06574643,-0.2,-1.4,-1.5409397,0.077028856,-0.8,-2.2,-13.281208,949.75867,60.5,-51.7,-2.6838925,306.50134,37.6,-40.5,1.5483221,485.999,41.5,-48.1,1740785055.7523692,0.1888975073617268,1740785056.498,1740785055.007,0
2025-02-28 23:24:16.500000+00:00,1.2214766,0.092508614,2.2,0.4,-0.73557043,0.048253223,-0.2,-1.2,-1.5409397,0.07378552,-0.8,-2.2,15.786577,441.32892,56.4,-19.3,2.3879194,374.9909,63.7,-41.2,-8.894631,192.73169,17.3,-41.7,1740785057.2529128,0.18890884619063522,1740785057.998,1740785056.508,0
2025-02-28 23:24:18+00:00,1.1315436,0.06474155,1.8,0.6,-0.68590605,0.07311085,0.0,-1.4,-1.7006711,0.06520231,-1.2,-2.4,78.502686,2899.4758,178.6,-22.4,-17.155035,336.74362,30.3,-50.5,-43.132885,1779.4014,21.7,-145.9,1740785058.7534566,0.18888760118176803,1740785059.499,1740785058.008,0
2025-02-28 23:24:19.500000+00:00,1.1114094,0.06615273,1.8,0.6,-0.8979866,0.06033373,-0.2,-1.4,-1.609396,0.09315436,-0.6,-2.4,10.515436,157.31525,37.1,-16.1,4.17651,696.4614,75.2,-38.3,-4.938255,356.778,28.3,-47.1,1740785060.2540133,0.18888598146274121,1740785060.999,1740785059.509,0
2025-02-28 23:24:21+00:00,1.1527027,0.07257766,2.0,0.6,-0.8364865,0.06587057,-0.2,-1.4,-1.5898649,0.093297936,-0.8,-2.7,20.512163,5009.752,169.3,-119.3,-1.6290541,262.1127,32.5,-47.3,-13.0020275,1178.3881,41.2,-89.5,1740785061.749527,0.18638237653550851,1740785062.49,1740785061.009,0
2025-02-28 23:24:22.500000+00:00,1.1449665,0.11343734,2.0,0.4,-0.7369128,0.06599313,-0.2,-1.4,-1.5838926,0.069468476,-1.0,-2.4,-43.922817,3025.2224,49.5,-171.8,5.157718,317.49857,56.9,-31.2,21.3651,658.1405,75.4,-32.9,1740785063.2450337,0.18890596145994062,1740785063.99,1740785062.5,0
2025-02-28 23:24:24+00:00,1.1608108,0.08961023,2.2,0.4,-0.8702703,0.06087884,-0.2,-1.6,-1.5581081,0.08231481,-0.8,-2.4,20.625,422.7249,49.8,-53.9,-7.5236487,327.9908,28.1,-54.4,-8.397298,302.1504,54.9,-34.4,1740785064.7506218,0.18638040768771325,1740785065.491,1740785064.01,0
2025-02-28 23:24:25.500000+00:00,1.1825503,0.09888266,2.0,0.4,-0.80671144,0.06238708,-0.2,-1.4,-1.5744966,0.08502086,-1.0,-2.4,-1.3416107,1001.32886,48.8,-52.9,2.4020133,343.27533,42.0,-40.3,1.2590605,389.85577,35.6,-37.8,1740785066.2461207,0.1888837796037241,1740785066.991,1740785065.501,0
2025-02-28 23:24:27+00:00,1.1261746,0.09748596,1.8,0.4,-0.8697987,0.06428441,-0.2,-1.4,-1.557047,0.078683116,-1.0,-2.4,-10.086577,335.8719,25.1,-38.3,3.1791947,658.4144,63.4,-59.5,4.085906,329.68466,43.7,-34.9,1740785067.746698,0.18889256968512275,1740785068.492,1740785067.002,0
2025-02-28 23:24:28.500000+00:00,1.1825503,0.09672046,2.0,0.4,-0.80536914,0.057808816,-0.2,-1.4,-1.5154363,0.07090876,-0.8,-2.2,6.702685,1069.8282,59.0,-48.8,0.29463086,638.40283,72.2,-68.6,-5.679195,173.18762,20.5,-28.3,1740785069.2472215,0.18890265430992192,1740785069.992,1740785068.502,0
2025-02-28 23:24:30+00:00,1.2563758,0.093557045,2.4,0.6,-0.83355707,0.0661636,-0.2,-1.6,-1.2791947,0.08314532,-0.6,-2.2,6.9832215,100.91668,39.5,-5.9,0.6704699,590.5907,72.7,-45.9,-5.751678,153.94615,29.0,-31.2,1740785070.7477853,0.18889846826475473,1740785071.493,1740785070.002,0
2025-02-28 23:24:31.500000+00:00,1.2577182,0.052051507,2.0,0.6,-0.6577181,0.06934882,0.0,-1.2,-1.209396,0.075316526,-0.6,-2.0,2.6657717,78.14999,20.0,-22.2,5.383221,343.44092,63.7,-27.6,1.7872483,94.893,16.3,-18.8,1740785072.2483356,0.18889826048721806,1740785072.994,1740785071.503,0
2025-02-28 23:24:33+00:00,1.2281879,0.046497375,1.8,0.8,-0.80268455,0.06377653,0.0,-1.4,-1.1234899,0.12680943,-0.2,-2.2,9.4469795,739.821,68.8,-28.3,9.599329,650.4738,92.2,-27.6,-1.071812,145.53586,25.1,-28.3,1740785073.7488925,0.1889072420100688,1740785074.494,1740785073.004,0
2025-02-28 23:24:34.500000+00:00,1.0697986,0.06968981,1.8,0.6,-0.68456376,0.10658444,0.0,-1.6,-0.56644297,0.21859604,0.4,-2.2,53.230873,4558.682,297.7,-32.0,-21.62282,3834.636,80.5,-183.0,15.038255,238.28114,40.7,-65.6,1740785075.2494228,0.18890310369580962,1740785075.995,1740785074.504,0
2025-02-28 23:24:36+00:00,1.0939597,0.11219302,2.0,0.6,-0.9221477,0.07984403,-0.2,-1.6,-1.6604027,0.06092145,-0.8,-2.4,22.190603,10335.2,301.8,-157.9,-7.5409393,1491.8978,77.6,-152.0,-9.863759,2908.612,85.6,-129.8,1740785076.7499864,0.18889214635664464,1740785077.495,1740785076.005,0
2025-02-28 23:24:37.500000+00:00,1.2268456,0.13386902,2.2,0.6,-0.8563758,0.06598947,-0.4,-1.8,-1.2583892,0.100148775,-0.4,-2.5,13.962417,2370.6248,89.3,-72.2,7.775839,642.56494,61.0,-39.8,-5.795973,239.98453,19.3,-39.3,1740785078.2505436,0.18889958386940547,1740785078.996,1740785077.505,0
2025-02-28 23:24:39+00:00,1.242953,0.14030471,2.2,0.4,-0.8751677,0.056473777,0.0,-1.4,-1.3369128,0.08166876,-0.6,-2.2,-15.502684,2469.3909,111.3,-90.5,-6.497987,1196.4775,47.1,-99.8,-2.2979865,218.8902,29.0,-31.2,1740785079.7510872,0.1889088983723203,1740785080.496,1740785079.006,0
2025-02-28 23:24:40.500000+00:00,1.1648648,0.12882519,2.2,0.2,-0.80135137,0.057413112,-0.4,-1.4,-1.5283784,0.084903486,-0.8,-2.2,-8.811486,2189.0916,98.3,-69.8,-7.805405,582.69836,45.9,-76.4,-0.10000003,408.06082,41.5,-34.6,1740785081.2533312,0.1897488686647946,1740785081.997,1740785080.506,0
2025-02-28 23:24:42+00:00,1.095302,0.11166694,1.8,0.2,-0.8187919,0.056941774,-0.2,-1.4,-1.6704698,0.090608574,-1.0,-2.5,-2.557047,608.5636,40.5,-42.2,4.7932887,781.72217,72.0,-62.2,1.7208053,292.9659,45.9,-30.0,1740785082.7521813,0.1888842237912381,1740785083.498,1740785082.007,0
2025-02-28 23:24:43.500000+00:00,1.1852349,0.14815892,2.4,0.4,-0.8375839,0.054794118,-0.2,-1.6,-1.5463086,0.08736804,-0.8,-2.2,-18.148993,744.1029,35.6,-60.8,3.0228188,1469.3927,104.4,-52.5,4.5677853,315.19064,38.3,-30.5,1740785084.2527516,0.18890059897330733,1740785084.998,1740785083.508,0
2025-02-28 23:24:45+00:00,1.1154362,0.08388176,2.0,0.6,-0.8684564,0.061498288,-0.4,-1.4,-1.6577181,0.06880825,-1.0,-2.2,-61.34765,1568.6511,-10.0,-141.3,-5.9953017,669.715,44.9,-74.2,28.413424,952.2367,98.3,-23.4,1740785085.7532685,0.18890212440277426,1740785086.498,1740785085.008,0
2025-02-28 23:24:46.500000+00:00,1.1315436,0.0825794,1.8,0.4,-0.8778524,0.07876291,-0.2,-1.6,-1.7127516,0.06774169,-1.0,-2.4,-50.77517,2777.1677,21.7,-155.4,7.691275,557.63495,65.6,-39.0,32.966442,770.99506,102.7,-16.6,1740785087.2538323,0.18888475401224097,1740785087.999,1740785086.508,0
2025-02-28 23:24:48+00:00,1.1283784,0.0767402,1.8,0.6,-0.7594595,0.07072625,-0.2,-1.6,-1.677027,0.08844825,-1.0,-2.4,-21.18446,1380.0779,39.8,-109.3,-5.6864862,702.69855,51.0,-70.3,9.382432,854.33295,68.6,-40.7,1740785088.7493513,0.18637579158063602,1740785089.49,1740785088.009,0
2025-02-28 23:24:49.500000+00:00,1.1959732,0.09755125,2.0,0.4,-0.9436242,0.059503008,-0.4,-1.6,-1.4697987,0.092933044,-0.8,-2.4,15.64094,1797.0074,88.3,-41.0,7.3724833,514.426,59.5,-52.2,-7.3684564,327.5364,40.7,-36.4,1740785090.2448723,0.18890754146745792,1740785090.99,1740785089.5,0
2025-02-28 23:24:51+00:00,1.1135136,0.09695898,1.8,0.4,-0.8,0.05061226,-0.2,-1.4,-1.6533784,0.07366198,-1.2,-2.5,1.8364865,318.13394,42.7,-33.2,-7.6000004,1452.9656,114.4,-77.3,-3.3466215,391.43658,51.7,-50.5,1740785091.7504256,0.18637802535138862,1740785092.491,1740785091.01,0
2025-02-28 23:24:52.500000+00:00,1.0778524,0.06849264,1.6,0.6,-0.87516785,0.067825176,0.2,-1.6,-1.7020135,0.08844186,-1.0,-2.4,-55.88188,1149.5973,-9.5,-132.5,3.3583891,959.6986,72.2,-48.8,29.810068,1003.42474,90.3,-24.6,1740785093.2459598,0.18887810545347586,1740785093.991,1740785092.501,0
2025-02-28 23:24:54+00:00,1.114094,0.07473242,2.0,0.6,-0.6765101,0.06302557,0.0,-1.4,-1.7127516,0.055309262,-1.2,-2.4,39.49262,2691.9546,171.3,-6.3,-2.5601995e-08,539.77484,57.1,-63.7,-27.51208,1090.5817,14.6,-96.4,1740785094.7465167,0.18889946566232954,1740785095.492,1740785094.001,0
2025-02-28 23:24:55.500000+00:00,1.0416107,0.057446055,1.8,0.6,-0.72617453,0.07694537,0.0,-1.4,-1.7939596,0.08165248,-1.0,-2.5,47.373825,1563.0208,133.2,-13.2,-2.4221475,711.3564,75.4,-30.3,-33.012077,848.7526,15.1,-91.0,1740785096.2470536,0.18890091883731097,1740785096.992,1740785095.502,0
2025-02-28 23:24:57+00:00,1.1154362,0.076854706,1.8,0.6,-0.78389263,0.053252324,-0.2,-1.4,-1.7067114,0.07319787,-1.2,-2.5,1.3456374,1104.7122,59.0,-52.7,2.547651,355.56726,35.4,-39.3,-2.528188,397.34692,36.8,-32.2,1740785097.7475972,0.18889661742739663,1740785098.493,1740785097.002,0
2025-02-28 23:24:58.500000+00:00,1.157047,0.07057499,1.8,0.4,-0.8684564,0.08366045,-0.2,-1.6,-1.5691276,0.10579722,-0.8,-2.4,8.689933,269.23337,57.1,-22.0,8.38188,570.92035,79.5,-49.5,1.6630872,575.2016,44.7,-46.8,1740785099.2481544,0.18889103875877394,1740785099.993,1740785098.503,0
2025-02-28 23:25:00+00:00,1.1662163,0.044837262,1.6,0.4,-0.9013514,0.06339951,-0.2,-1.6,-1.5554054,0.08371212,-0.8,-2.4,91.38987,7002.3584,232.3,-13.7,-25.661486,738.2709,57.6,-77.1,-39.962162,651.58234,16.8,-76.4,1740785100.7470202,0.18975518224993446,1740785101.494,1740785100.004,0
2025-02-28 23:25:01.500000+00:00,1.1006712,0.0846617,1.8,0.4,-0.82818794,0.054605465,-0.2,-1.6,-1.7677852,0.062198464,-1.2,-2.4,2.042953,972.42914,73.7,-37.6,-4.0536914,301.20935,33.4,-40.5,3.4315436,226.12436,45.9,-28.1,1740785102.2492416,0.18890411329499174,1740785102.994,1740785101.504,0
2025-02-28 23:25:03+00:00,1.1449665,0.0864103,2.0,0.4,-0.9651007,0.0760711,-0.4,-1.8,-1.6161073,0.05811717,-1.0,-2.2,-48.490604,4118.7627,10.5,-202.8,2.0328858,559.2098,51.7,-53.4,28.644968,2293.435,144.0,-46.4,1740785103.7498055,0.18889027231103425,1740785104.495,1740785103.004,0
2025-02-28 23:25:04.500000+00:00,1.0537931,0.06625288,2.0,0.4,-0.7186207,0.055275887,-0.2,-1.4,-1.7793103,0.09220786,-1.0,-2.7,-61.92069,2032.1912,-2.0,-182.3,2.7786207,934.8546,104.4,-45.4,39.430344,1249.5774,121.0,-21.5,1740785105.2301931,0.17891519573766482,1740785105.955,1740785104.505,0
2025-02-28 23:25:06+00:00,1.1838927,0.05541447,2.0,0.6,-0.738255,0.06102665,-0.2,-1.4,-1.4885906,0.09858524,-0.6,-2.4,82.062416,2291.552,201.5,-5.1,14.949664,424.1094,57.6,-21.5,-24.79329,457.4885,8.1,-85.6,1740785106.749181,0.18890508615136947,1740785107.494,1740785106.004,0
2025-02-28 23:25:07.500000+00:00,1.2080537,0.09236711,2.0,0.4,-0.8778524,0.05606021,-0.4,-1.4,-1.4536914,0.07709777,-1.0,-2.4,-3.3449664,661.1961,42.5,-43.2,-15.149665,453.90784,26.4,-70.8,1.3234899,222.78584,24.9,-29.5,1740785108.2497518,0.1888885864545544,1740785108.995,1740785107.504,0
2025-02-28 23:25:09+00:00,1.1557047,0.08207875,2.0,0.4,-0.80402684,0.060253967,-0.2,-1.4,-1.6161073,0.07433339,-0.8,-2.2,-32.038925,569.8492,12.4,-88.1,5.9973154,516.7272,51.5,-46.8,15.087248,451.57993,66.6,-13.2,1740785109.7502954,0.1888937428415009,1740785110.496,1740785109.005,0
2025-02-28 23:25:10.500000+00:00,1.2053691,0.067538545,2.0,0.6,-0.8201343,0.07986217,-0.2,-1.6,-1.5342282,0.09105025,-0.8,-2.4,94.084564,5014.667,272.1,2.7,-14.1724825,967.885,69.8,-53.4,-31.891273,385.45615,-2.2,-70.8,1740785111.2508457,0.18890648074674007,1740785111.996,1740785110.506,0
2025-02-28 23:25:12+00:00,1.2067114,0.07968436,2.0,0.6,-0.87114096,0.105445325,0.0,-1.6,-1.4979866,0.07222563,-0.8,-2.2,-31.783222,7077.7773,52.0,-242.8,12.298657,708.6791,51.2,-66.6,11.671812,730.79675,50.8,-46.6,1740785112.7513757,0.18889575241465426,1740785113.497,1740785112.006,0
2025-02-28 23:25:13.500000+00:00,1.1594595,0.06909357,2.2,0.6,-1.0175676,0.062546425,-0.4,-1.6,-1.472973,0.088788345,-0.6,-2.2,-9.697297,1598.8414,99.1,-79.1,-0.13716213,860.5377,86.1,-48.3,-3.806757,429.8011,37.1,-49.3,1740785114.2536552,0.18973114970983182,1740785114.997,1740785113.507,0
2025-02-28 23:25:15+00:00,1.2174498,0.035639394,1.6,0.8,-0.9436242,0.05734087,-0.4,-1.6,-1.4979866,0.05168513,-0.8,-2.2,25.429531,850.38605,100.0,-3.9,-4.2409396,193.07845,23.7,-48.1,-4.5516777,144.96532,7.8,-39.8,1740785115.75249,0.18890391637427498,1740785116.498,1740785115.007,0
2025-02-28 23:25:16.500000+00:00,1.1892617,0.044208243,1.6,0.6,-1.0308726,0.05444585,-0.6,-1.6,-1.5100671,0.052668244,-1.0,-2.2,-6.759732,209.44379,3.4,-71.2,-1.7395974,28.374846,7.8,-22.2,-0.404698,9.763695,5.9,-10.5,1740785117.2530403,0.18889739758087964,1740785117.998,1740785116.508,0
2025-02-28 23:25:18+00:00,1.128859,0.050310194,1.8,0.6,-0.7127517,0.06828227,0.0,-1.4,-1.667114,0.08627608,-0.8,-2.4,-48.1047,2841.4192,22.4,-182.0,1.184564,719.2188,87.8,-37.3,18.744967,563.21466,76.6,-29.3,1740785118.753584,0.18890249539896944,1740785119.499,1740785118.008,0
2025-02-28 23:25:19.500000+00:00,1.1624161,0.07046983,2.0,0.4,-0.81208056,0.061204407,-0.2,-1.4,-1.6644295,0.1070369,-0.8,-2.5,-3.0590606,1812.0637,91.3,-85.4,12.058389,743.8511,62.2,-38.3,12.443624,571.26166,82.2,-25.6,1740785120.2541208,0.18888381375566532,1740785120.999,1740785119.509,0
2025-02-28 23:25:21+00:00,1.1932433,0.100906394,2.0,0.6,-0.92027026,0.06842987,-0.4,-1.6,-1.5310811,0.10052401,-0.8,-2.4,-42.25473,1148.4117,27.1,-116.9,-6.983108,990.19366,57.8,-68.3,4.006757,402.88028,57.1,-31.7,1740785121.7496622,0.18637318045814813,1740785122.49,1740785121.01,0
2025-02-28 23:25:22.500000+00:00,1.2040269,0.11592962,2.2,0.4,-0.7785235,0.048184294,-0.4,-1.4,-1.4939598,0.07597673,-0.8,-2.2,1.7583892,402.43582,34.9,-37.8,2.2771811,345.60544,46.4,-29.3,1.9973155,137.35718,20.0,-27.8,1740785123.245161,0.18891287033586743,1740785123.99,1740785122.5,0
2025-02-28 23:25:24+00:00,1.1743244,0.15090092,2.2,0.4,-0.8243243,0.074506305,-0.2,-1.6,-1.6168919,0.07107326,-0.8,-2.5,-7.027027,584.9245,26.6,-68.6,-5.3959455,773.77075,83.9,-57.6,1.9898648,942.2716,71.0,-60.3,1740785124.7507432,0.18637067682161684,1740785125.491,1740785124.01,0
2025-02-28 23:25:25.500000+00:00,1.2684563,0.105282076,2.0,0.6,-0.78926176,0.05501905,-0.2,-1.2,-1.3060403,0.067868665,-0.6,-2.2,8.713423,2850.303,111.0,-61.2,4.748322,1002.20703,94.9,-45.1,-4.2604027,203.29199,26.1,-35.6,1740785126.2462616,0.1888861676542811,1740785126.992,1740785125.501,0
2025-02-28 23:25:27+00:00,1.1731544,0.07170685,2.0,0.4,-0.60671145,0.15103568,0.4,-1.6,-1.6510067,0.08386719,-1.0,-2.4,79.26241,2310.6523,164.9,2.9,-10.995974,430.5454,36.6,-53.9,-47.16242,1857.5902,36.1,-143.5,1740785127.7468255,0.1889045020641249,1740785128.492,1740785127.002,0
2025-02-28 23:25:28.500000+00:00,1.1865772,0.09062946,2.0,0.6,-0.7744967,0.06772356,-0.2,-1.8,-1.3825504,0.09347722,-0.8,-2.2,47.56443,1672.9606,191.5,1.7,14.876511,869.48376,75.6,-44.9,-7.578523,329.90698,35.4,-53.2,1740785129.2473423,0.18889594517114658,1740785129.992,1740785128.502,0
2025-02-28 23:25:30+00:00,1.2778523,0.051195346,1.8,0.8,-0.7489933,0.061164547,-0.2,-1.2,-1.2993289,0.065202236,-0.6,-2.0,42.15839,2094.212,193.0,0.2,-9.048322,318.78223,31.7,-59.3,-7.5395975,154.86694,13.2,-37.3,1740785130.747906,0.18887685578567426,1740785131.493,1740785130.003,0
2025-02-28 23:25:31.500000+00:00,1.1154362,0.049827684,1.8,0.4,-1.014765,0.070321076,-0.4,-1.6,-1.5812081,0.085049875,-0.8,-2.4,15.836243,1039.5414,98.8,-52.2,-10.581208,209.3852,21.0,-46.4,1.7436243,81.42533,19.0,-34.6,1740785132.2484632,0.18889988445968545,1740785132.994,1740785131.503,0
2025-02-28 23:25:33+00:00,1.2134229,0.045224015,1.8,0.6,-0.8416107,0.057986587,-0.2,-1.4,-1.3785235,0.09142754,-0.6,-2.0,-26.924833,748.19214,2.7,-104.2,18.20067,586.8475,64.2,-20.5,2.995973,48.611744,16.8,-9.8,1740785133.749,0.18891322933168947,1740785134.494,1740785133.004,0
2025-02-28 23:25:34.500000+00:00,1.2147651,0.04869944,1.8,0.8,-0.89127517,0.05215312,-0.4,-1.4,-1.4959731,0.09538912,-0.8,-2.7,-33.87181,2306.1008,34.9,-142.5,-4.4335575,855.68463,65.6,-44.4,7.3382554,208.36414,37.1,-15.1,1740785135.2495437,0.18890539757249117,1740785135.995,1740785134.504,0
2025-02-28 23:25:36+00:00,1.2375839,0.06074004,1.8,0.8,-0.6348993,0.1360711,0.2,-1.6,-1.4469799,0.075886086,-0.8,-2.2,96.57316,2331.8665,231.6,32.7,-8.422819,502.39114,44.2,-53.9,-30.149664,930.92505,26.6,-106.9,1740785136.7501073,0.1888873046903971,1740785137.496,1740785136.005,0
2025-02-28 23:25:37.500000+00:00,1.1798658,0.056618866,1.8,0.6,-0.5932886,0.047792494,0.0,-1.2,-1.5677853,0.078955196,-0.8,-2.4,-9.500671,284.93466,31.7,-40.5,-0.40872473,384.20813,45.9,-34.4,3.4382548,180.52269,29.0,-26.1,1740785138.2506711,0.18889199148592498,1740785138.996,1740785137.506,0
2025-02-28 23:25:39+00:00,1.2724832,0.09579171,2.0,0.4,-0.7543624,0.05736261,0.0,-1.4,-1.2845637,0.08226011,-0.4,-2.2,-43.56376,2693.5903,10.5,-178.9,10.177181,843.37787,75.4,-72.5,3.9268456,136.81128,30.3,-21.0,1740785139.7511947,0.18890258543168817,1740785140.496,1740785139.006,0
2025-02-28 23:25:40.500000+00:00,1.1945946,0.05874611,1.8,0.4,-0.6851351,0.08766871,0.0,-1.4,-1.4905406,0.10956974,-0.6,-2.2,-41.970272,923.6028,14.2,-107.8,-19.229053,319.04657,28.3,-65.4,15.008108,720.7802,67.6,-40.7,1740785141.2534525,0.18974186206784774,1740785141.997,1740785140.506,0
2025-02-28 23:25:42+00:00,1.0617449,0.04967531,1.6,0.6,-0.72617453,0.06289134,0.0,-1.4,-1.8489933,0.0649483,-1.4,-2.5,11.361745,612.8306,66.1,-48.3,-10.066443,274.7452,27.8,-46.6,-12.526175,264.9064,18.5,-55.9,1740785142.7523155,0.18890462657456447,1740785143.498,1740785142.007,0
2025-02-28 23:25:43.500000+00:00,1.0295303,0.04074369,1.4,0.4,-0.7167785,0.054649018,-0.2,-1.4,-1.8845637,0.053611495,-1.4,-2.4,52.336914,1621.997,113.5,-18.3,-5.2979865,90.82698,12.4,-31.2,-47.116108,997.4034,2.9,-85.2,1740785144.2528658,0.18891001318770131,1740785144.998,1740785143.508,0
2025-02-28 23:25:45+00:00,1.071141,0.05301287,1.6,0.6,-0.714094,0.06121894,0.4,-1.2,-1.767114,0.08654638,-1.0,-2.5,-48.295975,312.33392,-15.9,-83.7,13.361745,425.05612,52.7,-35.4,35.6651,306.16885,66.4,-0.5,1740785145.7533894,0.18889795500905085,1740785146.499,1740785145.008,0
2025-02-28 23:25:46.500000+00:00,1.1959732,0.05052423,1.8,0.6,-0.7087248,0.057017926,-0.2,-1.4,-1.6791946,0.062064182,-1.2,-2.2,55.87315,1284.9078,130.5,-16.6,-16.777851,344.45758,8.8,-57.1,-31.61141,571.19855,6.3,-78.6,1740785147.2539597,0.18887818885009605,1740785147.999,1740785146.509,0
2025-02-28 23:25:48+00:00,1.2108108,0.06464427,1.8,0.6,-0.6756757,0.055730846,0.0,-1.2,-1.4608108,0.08525648,-0.6,-2.2,-7.375,38.31003,10.7,-18.1,10.206757,356.12256,41.2,-30.3,0.1304054,61.20866,11.2,-24.2,1740785148.7494864,0.18637621392481285,1740785149.49,1740785148.009,0
2025-02-28 23:25:49.500000+00:00,1.2335571,0.06292035,2.0,0.6,-0.56107384,0.057663698,0.0,-1.2,-1.3020134,0.093306705,-0.6,-2.0,47.489933,3817.1475,192.3,-8.1,-3.3510067,289.33453,30.3,-32.0,-15.497986,243.76447,1.7,-50.5,1740785150.2449799,0.1889098427341465,1740785150.99,1740785149.5,0
2025-02-28 23:25:51+00:00,1.1621622,0.052436113,1.8,0.6,-0.7121622,0.094272874,0.0,-1.4,-1.645946,0.059371203,-1.0,-2.4,68.87838,2091.0444,167.1,-8.5,0.7094595,329.5737,37.8,-43.9,-27.962162,732.8777,24.4,-71.0,1740785151.7505677,0.18636977357609455,1740785152.491,1740785151.01,0
2025-02-28 23:25:52.500000+00:00,1.1865772,0.052791584,1.8,0.6,-0.91006714,0.044560134,-0.4,-1.6,-1.5087248,0.0656666,-0.8,-2.2,-38.572483,179.19832,-5.1,-64.9,6.069799,278.52478,48.8,-29.5,6.624832,218.5227,34.4,-33.7,1740785153.2460804,0.18888476479166974,1740785153.991,1740785152.501,0
2025-02-28 23:25:54+00:00,1.1677853,0.07787408,1.8,0.4,-0.9006711,0.10033742,-0.2,-1.8,-1.609396,0.08288406,-0.6,-2.4,-89.78859,2695.798,-2.4,-172.8,6.1375837,695.2305,60.8,-45.4,35.168457,1943.984,154.7,-29.8,1740785154.7466443,0.18889295264876227,1740785155.492,1740785154.001,0
2025-02-28 23:25:55.500000+00:00,1.2013422,0.056484666,2.0,0.6,-0.7597316,0.07188105,0.0,-1.4,-1.4362416,0.05516415,-0.8,-2.0,-8.461074,1066.3395,39.8,-76.9,7.355034,429.88486,54.9,-32.5,3.2946308,257.5763,30.0,-29.3,1740785156.2471678,0.18890200639918547,1740785156.992,1740785155.502,0
2025-02-28 23:25:57+00:00,1.2241611,0.03995281,1.8,0.8,-0.83624166,0.10273177,0.0,-1.6,-1.2791947,0.072875,-0.4,-2.0,66.95772,6785.376,223.0,-41.2,-11.758389,357.58316,22.9,-57.1,-16.366444,517.7488,29.5,-69.1,1740785157.7477314,0.18889619806840854,1740785158.493,1740785157.002,0
2025-02-28 23:25:58.500000+00:00,1.237584,0.06452385,1.8,0.4,-0.6899329,0.06942501,-0.2,-1.2,-1.2134229,0.18089984,-0.4,-2.2,50.274494,1427.6387,185.9,1.7,18.290604,543.3677,59.8,-39.5,-16.987919,145.84946,3.9,-63.2,1740785159.2482753,0.18890181775827034,1740785159.994,1740785158.503,0
2025-02-28 23:26:00+00:00,1.2554054,0.04670529,2.0,0.6,-0.64324325,0.0688656,0.0,-1.4,-0.9459459,0.074881405,-0.2,-1.6,-16.182432,205.36429,8.1,-40.7,-5.466216,78.0643,14.2,-23.9,6.8344593,25.356161,13.4,-9.3,1740785160.7471352,0.18975480973671288,1740785161.494,1740785160.004,0
2025-02-28 23:26:01.500000+00:00,1.2939597,0.04084167,1.8,0.6,-0.8563758,0.044367857,-0.4,-1.6,-1.0496645,0.042651936,-0.6,-1.6,-1.3604027,90.0719,12.4,-27.1,-1.7577181,20.76381,6.8,-15.4,-0.9583893,7.194473,5.4,-7.6,1740785162.2493625,0.18890076674915574,1740785162.995,1740785161.504,0
2025-02-28 23:26:03+00:00,1.2268456,0.046842013,1.6,0.6,-0.8187919,0.049914733,-0.4,-1.4,-1.0389262,0.063069105,-0.4,-1.8,-4.477181,14.825021,3.2,-11.7,1.014765,4.633294,6.1,-4.9,0.23355705,4.6510267,4.6,-3.9,1740785163.7499194,0.1888852422355327,1740785164.495,1740785163.005,0
2025-02-28 23:26:04.500000+00:00,1.252349,0.033727545,1.8,0.8,-0.88187927,0.048655905,-0.4,-1.6,-1.0120806,0.05633954,-0.6,-1.8,-0.60402685,29.702686,9.0,-12.2,-0.69932884,18.847633,8.5,-8.3,0.4295302,11.037095,9.0,-5.4,1740785165.2504766,0.18889773160484583,1740785165.996,1740785164.505,0
2025-02-28 23:26:06+00:00,1.2467532,0.04172141,1.8,0.8,-0.8883117,0.04077752,-0.4,-1.4,-1.0025975,0.06430691,-0.2,-1.6,-0.811039,37.4925,15.1,-11.0,0.9311689,24.876009,12.0,-7.6,-1.3266234,9.269289,5.1,-9.3,1740785166.7267144,0.19930557585706432,1740785167.496,1740785166.005,0
2025-02-28 23:26:07.500000+00:00,1.2510067,0.041705076,1.8,0.8,-0.8791946,0.05017232,-0.4,-1.8,-0.94630873,0.058719385,-0.2,-1.8,3.8543622,46.633728,17.3,-19.5,-0.09530202,92.6479,22.0,-21.5,2.1167784,20.926813,12.9,-6.6,1740785168.2507784,0.18890295418413575,1740785168.996,1740785167.506,0
2025-02-28 23:26:09+00:00,1.2496644,0.056705963,2.2,0.8,-0.8979866,0.052766193,-0.4,-1.6,-0.9597315,0.06485397,-0.2,-1.6,-2.1637583,38.214085,9.3,-19.3,-1.8127518,150.1891,30.7,-28.3,-0.7671141,34.7387,14.9,-12.9,1740785169.7513087,0.18889451532407858,1740785170.496,1740785169.006,0
2025-02-28 23:26:10.500000+00:00,1.2054055,0.045684855,1.8,0.6,-0.8837838,0.038102593,-0.4,-1.4,-1.0527027,0.055706933,-0.4,-1.8,-3.454054,48.264122,11.7,-13.7,-2.3993244,49.24292,17.1,-26.1,0.25540543,18.085346,9.5,-11.2,1740785171.253588,0.1897316619969729,1740785171.997,1740785170.507,0
2025-02-28 23:26:12+00:00,1.242953,0.047331754,1.6,0.8,-0.8724832,0.046062052,-0.2,-1.6,-1.0912752,0.061882816,-0.6,-1.8,5.9449663,105.70883,33.2,-12.4,2.3973155,55.44054,20.7,-15.9,-0.9107382,35.42285,11.7,-10.0,1740785172.7524295,0.18890320434484414,1740785173.498,1740785172.007,0
2025-02-28 23:26:13.500000+00:00,1.2389262,0.04306911,1.8,0.6,-0.87516785,0.054852158,-0.4,-1.6,-1.0496645,0.08913839,-0.2,-1.8,17.599329,3386.247,207.2,-23.7,-15.940939,267.83353,9.3,-45.6,-10.81141,394.92303,12.2,-76.1,1740785174.2529798,0.18890070119962496,1740785174.998,1740785173.508,0
2025-02-28 23:26:15+00:00,1.1436242,0.054638147,1.8,0.4,-0.8308725,0.083094515,-0.2,-1.4,-1.666443,0.082379855,-0.6,-2.5,21.715437,1511.1683,182.5,-29.0,-15.256375,292.97116,13.9,-59.3,-3.1597314,305.0943,26.4,-50.3,1740785175.7535167,0.18890203442802891,1740785176.499,1740785175.008,0
2025-02-28 23:26:16.500000+00:00,1.0026846,0.08539813,1.8,0.4,-0.7127517,0.08449847,0.0,-1.4,-1.8590604,0.11756946,-0.8,-2.7,-90.12416,8366.512,-16.8,-314.5,-1.6892617,1378.7141,67.3,-64.7,68.777855,5322.1885,232.3,-24.9,1740785177.2540739,0.18889405769723178,1740785177.999,1740785176.509,0
2025-02-28 23:26:18+00:00,1.2432432,0.049273755,2.0,0.6,-0.7756757,0.06634306,-0.2,-1.6,-1.5918919,0.073947415,-1.0,-2.4,-55.829727,2606.1326,-5.6,-176.7,3.2601352,336.3391,50.0,-43.2,18.272972,958.9087,92.0,-23.2,1740785178.749608,0.1863885901181975,1740785179.49,1740785178.009,0
2025-02-28 23:26:19.500000+00:00,1.2161074,0.05811719,1.8,0.6,-0.91677856,0.05518955,-0.4,-1.6,-1.514094,0.0725703,-0.8,-2.2,-3.4651005,3793.3965,114.2,-149.1,-3.3919463,692.41034,68.1,-48.6,6.897315,290.19843,73.9,-13.9,1740785180.2451005,0.18890493194032804,1740785180.99,1740785179.5,0
2025-02-28 23:26:21+00:00,1.2256756,0.050220627,1.8,0.8,-0.8108108,0.05593677,-0.2,-1.4,-1.5581081,0.064355545,-1.0,-2.2,51.243244,1454.0326,117.1,1.5,-1.5499998,696.84265,44.4,-50.8,-26.858109,615.48376,14.2,-80.5,1740785181.750696,0.18637735134030914,1740785182.491,1740785181.01,0
2025-02-28 23:26:22.500000+00:00,1.2416108,0.042310897,1.8,0.6,-0.8174497,0.044288043,-0.2,-1.4,-1.3208054,0.04314529,-0.8,-1.8,0.1489933,86.611984,16.3,-22.2,-3.8664427,228.75691,31.0,-42.2,-3.5140939,42.083534,12.2,-15.4,1740785183.2462013,0.18889569567551773,1740785183.992,1740785182.501,0
2025-02-28 23:26:24+00:00,1.1261746,0.08289135,1.8,0.4,-0.8013423,0.0505387,-0.2,-1.2,-1.6469798,0.082372546,-1.0,-2.4,27.736912,4769.3335,215.9,-40.7,-12.860402,559.00653,18.8,-76.6,-13.493289,1206.1393,27.1,-108.8,1740785184.7467651,0.18889784997461379,1740785185.492,1740785184.002,0
2025-02-28 23:26:25.500000+00:00,1.2026845,0.035668433,1.8,0.8,-0.8496644,0.05562488,-0.2,-1.6,-1.5973154,0.042695448,-1.2,-2.2,-33.110065,3317.9714,11.0,-200.1,6.009396,72.82816,36.4,-10.0,13.997316,728.9733,96.1,-10.2,1740785186.2472887,0.18889684088459394,1740785186.992,1740785185.502,0
2025-02-28 23:26:27+00:00,1.2308725,0.042553965,1.8,0.8,-0.9503356,0.04589516,-0.6,-1.6,-1.4912752,0.05647743,-1.0,-2.4,0.7375839,41.040745,25.6,-15.6,4.957047,82.70504,47.8,-10.0,6.2630873,68.5976,20.3,-12.0,1740785187.7478523,0.18888275525017392,1740785188.493,1740785187.003,0
2025-02-28 23:26:28.500000+00:00,1.2295302,0.061284233,1.8,0.4,-1.0738255,0.05802649,-0.6,-1.8,-1.3275168,0.06498092,-0.6,-2.0,-1.1362417,17.655436,10.0,-10.2,2.5644295,120.71244,23.9,-21.5,-3.4463086,38.35899,11.2,-18.3,1740785189.2484026,0.18889637950648167,1740785189.994,1740785188.503,0
2025-02-28 23:26:30+00:00,1.237584,0.058037385,2.0,0.6,-0.7637584,0.058947936,-0.2,-1.4,-1.3422819,0.105565086,-0.6,-2.2,4.705369,471.2908,72.5,-34.4,2.6234899,580.6515,73.0,-47.3,-9.634899,230.34987,22.4,-42.7,1740785190.7489529,0.18890922180998518,1740785191.494,1740785190.004,0
2025-02-28 23:26:31.500000+00:00,1.2214766,0.04656266,1.8,0.6,-0.88993293,0.101316854,0.0,-1.8,-1.433557,0.07048792,-0.6,-2.2,45.333557,8448.0205,250.6,-33.4,-5.365772,233.04437,31.2,-43.7,-1.8946308,375.24765,34.6,-33.9,1740785192.2494833,0.1888995331352945,1740785192.995,1740785191.504,0
2025-02-28 23:26:33+00:00,1.2402685,0.06269182,1.8,0.6,-0.8791946,0.10314531,-0.2,-1.6,-1.4442953,0.06910574,-0.8,-2.0,-84.04564,4186.969,62.2,-200.3,14.884564,230.58757,42.9,-26.4,15.706712,467.5206,47.8,-23.7,1740785193.7500403,0.18887838640500484,1740785194.495,1740785193.005,0
2025-02-28 23:26:34.500000+00:00,1.2308725,0.07552696,2.2,0.6,-0.8442953,0.06748411,-0.2,-1.6,-1.3758389,0.074547425,-0.6,-2.0,-2.8892617,573.2475,65.1,-36.8,-10.767785,288.0977,17.8,-47.8,-0.048322152,235.23091,28.3,-42.2,1740785195.2506108,0.18889807090583205,1740785195.996,1740785194.505,0
2025-02-28 23:26:36+00:00,1.1369128,0.060047176,2.0,0.6,-0.82684565,0.11981496,0.0,-1.6,-1.7422819,0.07691636,-1.0,-2.4,-7.414093,31771.148,200.1,-360.9,-10.486577,311.2958,36.1,-46.4,6.104027,5864.5767,199.8,-99.1,1740785196.7511342,0.18891019912487958,1740785197.496,1740785196.006,0
2025-02-28 23:26:37.500000+00:00,1.1878378,0.05019119,1.8,0.6,-0.8351351,0.06351903,-0.4,-1.6,-1.4986486,0.06231107,-0.8,-2.4,99.939865,3206.9197,193.5,6.8,-9.415541,917.79877,65.4,-57.1,-28.544596,504.6425,12.9,-76.6,1740785198.253392,0.18975155680821987,1740785198.997,1740785197.506,0
2025-02-28 23:26:39+00:00,1.2872484,0.050444394,2.0,0.6,-0.8536913,0.052773435,-0.2,-1.4,-1.2348993,0.07661166,-0.6,-2.2,-35.767113,2924.0457,55.9,-123.2,0.5744967,221.74576,32.5,-29.5,2.9422817,64.670296,29.3,-12.0,1740785199.7522483,0.1888966181333727,1740785200.498,1740785199.007,0
2025-02-28 23:26:40.500000+00:00,1.2241611,0.05130418,1.8,0.8,-0.85100675,0.11197532,0.0,-1.8,-1.4442953,0.11451126,-0.6,-2.4,-145.049,10216.092,6.1,-412.8,16.38859,351.3089,67.6,-17.3,24.083221,1283.3356,113.5,-28.8,1740785201.2527986,0.18890664631641282,1740785201.998,1740785200.508,0
2025-02-28 23:26:42+00:00,1.2469798,0.057507694,1.8,0.4,-0.93557054,0.07095595,-0.2,-1.6,-1.2536913,0.08088155,-0.6,-2.2,-19.95302,2027.7356,47.6,-108.8,4.456376,121.216675,33.4,-13.4,0.2912752,124.33914,22.7,-15.1,1740785202.7533221,0.18889661588256879,1740785203.498,1740785202.008,0
2025-02-28 23:26:43.500000+00:00,1.2657719,0.047807,1.8,0.8,-0.7946309,0.057268277,-0.2,-1.4,-1.2281879,0.07352439,-0.4,-2.2,11.342953,580.3455,65.9,-36.1,1.0020134,130.66315,23.4,-24.2,-1.6033558,43.76885,18.3,-14.2,1740785204.2538924,0.1888767429987105,1740785204.999,1740785203.509,0
2025-02-28 23:26:45+00:00,1.2378378,0.07366063,2.0,0.6,-0.87702703,0.071033254,0.0,-1.6,-1.368919,0.08093216,-0.6,-2.0,5.1952705,763.60095,50.0,-58.8,-17.552027,395.9982,17.8,-61.0,1.1033784,296.94766,32.2,-31.0,1740785205.7494054,0.1863775967325661,1740785206.49,1740785205.009,0
2025-02-28 23:26:46.500000+00:00,1.2671142,0.06087066,2.0,0.6,-0.7785235,0.08061672,0.0,-1.6,-1.4845637,0.06171956,-1.0,-2.2,45.115437,1119.3085,133.0,1.2,-2.8677852,494.26245,48.1,-55.1,-13.206712,365.0661,31.2,-48.1,1740785207.2449129,0.18890876772909382,1740785207.99,1740785206.5,0
2025-02-28 23:26:48+00:00,1.1851352,0.047396578,1.6,0.6,-0.6189189,0.049163457,0.0,-1.2,-1.604054,0.06882699,-1.0,-2.2,70.88987,5267.1533,197.2,-15.9,-2.9506755,293.45,28.5,-38.6,-28.655405,803.9558,11.5,-100.3,1740785208.7504864,0.18637642037215826,1740785209.491,1740785208.01,0
2025-02-28 23:26:49.500000+00:00,1.2322148,0.05354977,1.8,0.6,-0.83355707,0.09805555,0.0,-1.8,-1.4939598,0.07705782,-1.0,-2.2,-64.45973,2638.0422,1.5,-174.2,0.84026843,391.1839,50.8,-51.5,26.514765,546.70715,62.5,-19.3,1740785210.2460134,0.1888859478199584,1740785210.991,1740785209.501,0
2025-02-28 23:26:51+00:00,1.209396,0.07045167,2.0,0.4,-0.8375839,0.06938874,-0.2,-1.6,-1.4724832,0.061197177,-0.8,-2.2,-11.171141,2278.7197,43.4,-146.2,6.908725,401.7983,44.2,-46.6,1.866443,370.72632,43.7,-33.4,1740785211.746577,0.18890318396718325,1740785212.492,1740785211.001,0
2025-02-28 23:26:52.500000+00:00,1.2201343,0.04364594,1.8,0.8,-0.64161074,0.09420278,0.0,-1.2,-1.4885906,0.06939595,-1.0,-2.2,86.283226,10027.698,324.5,-8.5,-1.7214766,404.00772,48.3,-40.0,-17.255033,654.0694,13.2,-89.3,1740785213.2471073,0.1889076877990805,1740785213.992,1740785212.502,0
2025-02-28 23:26:54+00:00,1.2993289,0.06628331,2.0,0.6,-0.8147651,0.047618356,-0.4,-1.2,-1.4671141,0.05114093,-1.0,-2.0,-14.821476,111.98117,7.6,-33.7,3.4221478,158.01405,31.7,-24.4,3.5134227,124.2817,30.0,-19.0,1740785214.7476645,0.1888983837821921,1740785215.493,1740785214.002,0
2025-02-28 23:26:55.500000+00:00,1.2563758,0.048692178,1.8,0.6,-0.85100675,0.043326676,-0.4,-1.4,-1.271141,0.06382369,-0.6,-1.8,13.093288,211.17967,49.3,-6.6,0.7738255,239.95143,30.5,-32.0,0.695302,213.06989,36.6,-27.3,1740785216.248208,0.18889247244850083,1740785216.994,1740785215.503,0
2025-02-28 23:26:57+00:00,1.2608109,0.06729732,2.0,0.8,-0.8337838,0.06987129,-0.2,-1.6,-1.4702703,0.079926394,-0.2,-2.2,6.458784,1399.286,96.9,-53.2,-9.6229725,881.1207,57.1,-69.3,-0.22702707,216.61728,29.5,-42.0,1740785217.7470741,0.18975418483873746,1740785218.494,1740785217.004,0
2025-02-28 23:26:58.500000+00:00,1.2416108,0.08393251,2.2,0.6,-0.79328865,0.05211683,-0.2,-1.6,-1.5194631,0.06590242,-1.0,-2.4,-18.97114,6195.111,78.3,-222.0,6.3738256,469.24872,58.8,-41.5,8.73557,747.7741,70.0,-43.4,1740785219.249302,0.18889191405025593,1740785219.994,1740785218.504,0
2025-02-28 23:27:00+00:00,1.2751678,0.10458191,2.2,0.4,-0.8872483,0.058011997,-0.4,-1.4,-1.4268457,0.074950084,-0.8,-2.2,1.5919464,748.86633,69.3,-47.6,-8.471812,941.8497,71.5,-80.3,-4.8402686,260.73026,27.6,-47.8,1740785220.7498791,0.18888403452551394,1740785221.495,1740785220.005,0
2025-02-28 23:27:01.500000+00:00,1.1597315,0.08863776,1.8,0.4,-0.8161074,0.06784692,-0.2,-1.6,-1.6751678,0.0645819,-1.0,-2.4,12.359732,597.5793,68.6,-35.4,-6.9704695,1062.891,76.9,-70.0,-2.7523491,540.8971,71.7,-27.6,1740785222.2504163,0.18890230509943098,1740785222.996,1740785221.505,0
2025-02-28 23:27:03+00:00,1.1409396,0.0727045,1.8,0.4,-0.80536914,0.059430443,0.0,-1.4,-1.747651,0.0650789,-1.2,-2.2,4.7060404,1114.1179,73.7,-76.4,4.800671,683.71313,70.0,-33.7,-1.7214766,292.18542,33.4,-32.2,1740785223.7509665,0.18890583776755696,1740785224.496,1740785223.006,0
2025-02-28 23:27:04.500000+00:00,1.1597315,0.15134047,2.4,0.4,-0.86711407,0.08033015,-0.2,-2.0,-1.6590604,0.10392074,-0.6,-2.5,2.185906,3178.2136,107.1,-96.4,-10.915437,581.5291,62.2,-51.0,-7.934228,453.24097,35.6,-46.1,1740785225.2515101,0.1889038401780959,1740785225.997,1740785224.506,0
2025-02-28 23:27:06+00:00,1.1834395,0.056390658,2.0,0.6,-0.83312106,0.039408777,-0.4,-1.2,-1.5171975,0.07233049,-0.8,-2.0,-6.4866242,3273.3599,73.7,-140.8,12.160509,743.20184,82.0,-58.6,16.67707,383.13318,48.1,-27.8,1740785226.7150638,0.20372004120170173,1740785227.496,1740785226.006,0
2025-02-28 23:27:07.500000+00:00,1.302027,0.17911153,2.9,0.2,-0.8256757,0.056751218,-0.4,-1.6,-1.4824324,0.10064168,-0.6,-2.2,0.6945945,551.45624,43.7,-33.7,-9.073648,1260.477,59.3,-83.7,-4.3378377,227.87805,22.0,-43.9,1740785228.2534525,0.18974186206784774,1740785228.997,1740785227.506,0
2025-02-28 23:27:09+00:00,1.2120806,0.09633956,2.2,0.4,-0.8469799,0.06777796,-0.2,-1.4,-1.5590605,0.0808126,-1.0,-2.5,-0.5758389,731.04474,56.6,-52.9,-4.0161076,1599.5348,113.5,-60.0,-2.104698,384.63345,33.2,-55.9,1740785229.7523086,0.18890024364251312,1740785230.498,1740785229.007,0
2025-02-28 23:27:10.500000+00:00,1.1181208,0.10000722,2.0,0.2,-0.72617453,0.05532376,0.0,-1.4,-1.7724832,0.08552148,-0.6,-2.7,6.308725,366.6297,42.9,-20.7,-4.5630875,432.51776,41.5,-39.3,-3.6979866,557.49084,43.4,-40.7,1740785231.2528658,0.18891001318770131,1740785231.998,1740785230.508,0
2025-02-28 23:27:12+00:00,1.2355705,0.14419918,2.5,0.4,-0.8174497,0.05293671,-0.4,-1.6,-1.6046981,0.08301831,-1.0,-2.5,-25.462416,1005.59894,19.0,-100.0,16.136242,856.2836,79.8,-50.8,9.1724825,1080.0199,119.3,-24.4,1740785232.7533894,0.18889795500905085,1740785233.499,1740785232.008,0
2025-02-28 23:27:13.500000+00:00,1.2577181,0.090429865,2.2,0.4,-0.74630874,0.04358426,-0.2,-1.2,-1.3610739,0.08144744,-0.8,-2.0,-7.091946,169.90521,18.8,-39.8,1.2348993,456.8003,61.2,-46.6,-1.433557,271.56592,44.2,-40.3,1740785234.2539597,0.18887818885009605,1740785234.999,1740785233.509,0
2025-02-28 23:27:15+00:00,1.2337838,0.047558367,1.8,0.6,-0.7810811,0.04480972,-0.2,-1.2,-1.0837839,0.06259247,-0.4,-1.8,-13.135811,58.63359,2.4,-28.8,10.580405,109.492775,38.3,-18.3,1.6864865,152.59943,45.1,-15.6,1740785235.7494798,0.18637823215274865,1740785236.49,1740785235.009,0
2025-02-28 23:27:16.500000+00:00,1.2375839,0.04074007,1.8,0.6,-0.82550335,0.04772356,-0.4,-1.4,-0.93557054,0.053658642,-0.2,-1.6,-1.7127516,4.8927417,1.7,-7.3,1.5134228,5.553332,7.8,-2.9,1.0006711,5.4733086,6.8,-4.1,1740785237.2449799,0.1889098427341465,1740785237.99,1740785236.5,0
2025-02-28 23:27:18+00:00,1.268919,0.06841514,2.2,0.6,-0.8108108,0.0662769,-0.2,-1.4,-1.0864865,0.1252583,-0.4,-2.0,22.387163,626.78284,81.7,-12.2,-14.408108,750.4608,39.3,-73.0,-1.9148648,200.07965,36.6,-26.4,1740785238.7505608,0.18637637414994498,1740785239.491,1740785238.01,0
2025-02-28 23:27:19.500000+00:00,1.2630873,0.07464176,2.2,0.6,-0.74765104,0.06291673,0.0,-1.6,-1.4469799,0.057507694,-0.8,-2.0,2.3651006,161.3074,22.9,-40.3,-2.161074,691.1605,67.6,-66.6,-2.0684564,163.7209,30.7,-29.3,1740785240.2460804,0.18888476479166974,1740785240.991,1740785239.501,0
2025-02-28 23:27:21+00:00,1.2550336,0.07019408,2.0,0.6,-0.861745,0.077783436,-0.2,-1.6,-1.4255034,0.067183,-0.8,-2.0,2.547651,1375.745,82.5,-88.1,-3.5221477,522.9805,73.2,-30.7,5.536242,244.61552,48.6,-22.2,1740785241.7466376,0.18890076307644793,1740785242.492,1740785241.001,0
2025-02-28 23:27:22.500000+00:00,1.2067114,0.0802249,2.2,0.6,-0.80402684,0.054848548,-0.4,-1.4,-1.5046979,0.0889643,-0.8,-2.4,10.21141,3426.6382,146.2,-79.5,-1.4093959,484.6708,61.7,-32.5,-6.7449665,263.63123,32.2,-35.1,1740785243.2471678,0.18890200639918547,1740785243.992,1740785242.502,0
2025-02-28 23:27:24+00:00,1.22349,0.18194453,2.5,0.4,-0.9033557,0.057623766,-0.4,-1.8,-1.4979866,0.08519863,-0.6,-2.4,20.695972,569.47723,98.8,-18.8,-8.848322,1195.6887,61.2,-121.5,-6.337584,474.2112,37.6,-65.6,1740785244.7477314,0.18889619806840854,1740785245.493,1740785244.002,0
2025-02-28 23:27:25.500000+00:00,1.2563758,0.08058404,2.0,0.4,-0.75838923,0.057446036,-0.2,-1.6,-1.4416108,0.061770335,-0.8,-2.0,1.0402684,2048.907,110.8,-104.2,6.180537,338.952,43.2,-26.8,-3.0932887,387.91266,20.7,-64.7,1740785246.2482753,0.1888932050073733,1740785246.994,1740785245.503,0
2025-02-28 23:27:27+00:00,1.2236487,0.13433492,2.7,0.6,-0.9081082,0.08020594,0.0,-1.6,-1.6283784,0.10231845,-1.0,-2.4,-46.118244,7212.9185,73.9,-264.7,2.7675674,987.642,81.7,-87.8,15.670946,697.505,88.1,-24.6,1740785247.7471352,0.18975480973671288,1740785248.494,1740785247.004,0
2025-02-28 23:27:28.500000+00:00,1.2469798,0.05318339,1.8,0.6,-0.809396,0.054775998,-0.2,-1.4,-1.3825504,0.05888261,-0.8,-2.0,-12.385235,505.93192,57.6,-42.5,5.144295,390.23422,55.9,-33.2,-1.4463087,242.75581,44.7,-22.9,1740785249.2493625,0.18890076674915574,1740785249.995,1740785248.504,0
